UF,Ano,Taxa_Abandono_Media,Taxa_Abandono_EF,Taxa_Abandono_EM,Taxa_Reprovacao_Media,Taxa_Reprovacao_EF,Taxa_Reprovacao_EM,IDHM,Taxa_Desemprego,Renda_Per_Capita,Indice_Gini_x,Taxa_Gravidez_Adolescente_x,PIB_Total_MilReais_x,Indice_Gini_y,Taxa_Gravidez_Adolescente_y,PIB_Total_MilReais_y
Rondônia,2018,2.2,1.4,3.0,6.35,6.9,5.8,0.73,9.1,1072.0,0.496,17.26,44913978.0,0.496,17.26,44913978.0
Acre,2018,2.95,2.2,3.7,5.699999999999999,6.1,5.3,0.733,13.3,868.0,0.558,24.22,15331123.0,0.558,24.22,15331123.0
Amazonas,2018,3.85,2.8,4.9,5.95,6.9,5.0,0.718,14.6,761.0,0.544,22.09,100109235.0,0.544,22.09,100109235.0
Roraima,2018,2.9,2.0,3.8,7.95,7.0,8.9,0.76,14.2,1161.0,0.566,19.42,13369988.0,0.566,19.42,13369988.0
Pará,2018,4.6,3.6,5.6,9.2,11.2,7.2,0.707,10.3,822.0,0.562,22.28,161349602.0,0.562,22.28,161349602.0
Amapá,2018,3.35,2.4,4.3,10.3,10.4,10.2,0.741,19.8,818.0,0.547,23.17,16795207.0,0.547,23.17,16795207.0
Tocantins,2018,1.7,1.1,2.3,7.5,7.4,7.6,0.749,10.5,997.0,0.529,19.31,35666183.0,0.529,19.31,35666183.0
Maranhão,2018,3.1,2.3,3.9,6.85,7.7,6.0,0.686,14.4,586.0,0.528,23.26,98179496.0,0.528,23.26,98179496.0
Piauí,2018,2.4,1.8,3.0,7.55,9.5,5.6,0.699,12.4,778.0,0.53,19.16,50378418.0,0.53,19.16,50378418.0
Ceará,2018,1.05,0.9,1.2,3.0,3.7,2.3,0.739,10.2,818.0,0.547,16.05,155903825.0,0.547,16.05,155903825.0
Rio Grande do Norte,2018,3.1500000000000004,2.6,3.7,9.85,11.9,7.8,0.739,13.5,921.0,0.54,16.04,66969562.0,0.54,16.04,66969562.0
Paraíba,2018,3.55,3.0,4.1,8.9,9.8,8.0,0.711,11.2,849.0,0.549,16.86,64373595.0,0.549,16.86,64373595.0
Pernambuco,2018,1.55,1.3,1.8,5.9,6.8,5.0,0.735,15.6,829.0,0.534,17.3,186351975.0,0.534,17.3,186351975.0
Alagoas,2018,3.7,2.9,4.5,7.050000000000001,7.7,6.4,0.689,16.1,681.0,0.55,22.46,54413047.0,0.55,22.46,54413047.0
Sergipe,2018,3.25,2.5,4.0,11.9,13.8,10.0,0.71,15.2,870.0,0.578,18.34,42017981.0,0.578,18.34,42017981.0
Bahia,2018,3.85,3.3,4.4,11.75,12.4,11.1,0.71,17.7,807.0,0.55,17.75,286239541.0,0.55,17.75,286239541.0
Minas Gerais,2018,1.85,1.1,2.6,7.0,5.7,8.3,0.784,9.7,1241.0,0.492,12.84,614875820.0,0.492,12.84,614875820.0
Espírito Santo,2018,0.85,0.7,1.0,7.9,8.6,7.2,0.788,10.4,1250.0,0.509,13.52,137020055.0,0.509,13.52,137020055.0
Rio de Janeiro,2018,1.5,1.3,1.7,8.8,9.4,8.2,0.805,14.9,1599.0,0.543,14.37,758859047.0,0.543,14.37,758859047.0
São Paulo,2018,0.95,0.5,1.4,3.75,2.7,4.8,0.837,12.6,1777.0,0.538,11.06,2210561949.0,0.538,11.06,2210561949.0
Paraná,2018,1.5,0.8,2.2,8.1,7.2,9.0,0.805,7.9,1515.0,0.492,13.07,440029403.0,0.492,13.07,440029403.0
Santa Catarina,2018,0.8,0.5,1.1,6.8,6.5,7.1,0.819,6.4,1576.0,0.417,10.89,298227090.0,0.417,10.89,298227090.0
Rio Grande do Sul,2018,1.3,0.9,1.7,10.7,11.1,10.3,0.797,7.5,1609.0,0.487,11.9,457293958.0,0.487,11.9,457293958.0
Mato Grosso do Sul,2018,2.15,1.3,3.0,8.7,9.4,8.0,0.77,7.0,1373.0,0.49,16.79,106969142.0,0.49,16.79,106969142.0
Mato Grosso,2018,1.15,0.6,1.7,4.550000000000001,2.2,6.9,0.778,7.0,1325.0,0.465,15.24,137442853.0,0.465,15.24,137442853.0
Goiás,2018,1.15,0.8,1.5,3.7,3.9,3.5,0.771,8.4,1253.0,0.47,14.13,195681724.0,0.47,14.13,195681724.0
Distrito Federal,2018,0.95,0.7,1.2,7.2,5.0,9.4,0.845,12.1,2355.0,0.57,10.62,254817205.0,0.57,10.62,254817205.0
Rondônia,2019,1.7,1.1,2.3,5.2,5.9,4.5,0.73,8.2,1082.0,0.472,16.65,47091336.0,0.472,16.65,47091336.0
Acre,2019,2.9000000000000004,2.1,3.7,4.55,5.2,3.9,0.739,13.8,854.0,0.559,23.36,15630017.0,0.559,23.36,15630017.0
Amazonas,2019,3.2,2.4,4.0,5.15,5.9,4.4,0.726,13.1,804.0,0.566,21.83,108181091.0,0.566,21.83,108181091.0
Roraima,2019,3.3,1.9,4.7,7.050000000000001,6.2,7.9,0.749,15.0,1018.0,0.58,18.82,14292227.0,0.58,18.82,14292227.0
Pará,2019,3.6,2.9,4.3,9.35,10.6,8.1,0.704,9.2,769.0,0.528,21.86,178376984.0,0.528,21.86,178376984.0
Amapá,2019,3.05,2.0,4.1,9.0,9.6,8.4,0.737,15.8,841.0,0.513,20.99,17496661.0,0.513,20.99,17496661.0
Tocantins,2019,1.35,0.9,1.8,6.1,6.1,6.1,0.751,9.3,1004.0,0.53,18.66,39355941.0,0.53,18.66,39355941.0
Maranhão,2019,2.45,1.8,3.1,5.5,6.5,4.5,0.694,12.5,614.0,0.531,22.18,97339938.0,0.531,22.18,97339938.0
Piauí,2019,1.6,1.3,1.9,5.45,6.9,4.0,0.706,13.3,802.0,0.537,18.25,52780785.0,0.537,18.25,52780785.0
Ceará,2019,0.7,0.7,0.7,2.2,2.7,1.7,0.744,10.3,907.0,0.562,14.97,163575327.0,0.562,14.97,163575327.0
Rio Grande do Norte,2019,2.4,2.0,2.8,9.0,11.2,6.8,0.742,12.9,998.0,0.554,15.44,71336780.0,0.554,15.44,71336780.0
Paraíba,2019,2.75,2.3,3.2,8.1,9.0,7.2,0.713,12.2,877.0,0.561,16.3,67986074.0,0.561,16.3,67986074.0
Pernambuco,2019,1.05,0.9,1.2,5.1,5.8,4.4,0.74,14.2,921.0,0.574,16.57,197853378.0,0.574,16.57,197853378.0
Alagoas,2019,1.65,1.5,1.8,3.8,4.4,3.2,0.687,13.7,704.0,0.527,21.16,58963729.0,0.527,21.16,58963729.0
Sergipe,2019,2.55,2.0,3.1,11.35,12.7,10.0,0.705,15.1,933.0,0.581,17.12,44689483.0,0.581,17.12,44689483.0
Bahia,2019,3.0,2.6,3.4,9.65,10.7,8.6,0.718,16.6,883.0,0.557,16.96,293240504.0,0.557,16.96,293240504.0
Minas Gerais,2019,1.1,0.6,1.6,6.35,5.4,7.3,0.793,9.6,1293.0,0.487,12.18,651872684.0,0.487,12.18,651872684.0
Espírito Santo,2019,0.6,0.5,0.7,6.25,7.1,5.4,0.793,10.5,1398.0,0.52,13.12,137345595.0,0.52,13.12,137345595.0
Rio de Janeiro,2019,1.2,1.0,1.4,7.65,8.1,7.2,0.809,13.8,1753.0,0.552,13.62,779927917.0,0.552,13.62,779927917.0
São Paulo,2019,0.7,0.4,1.0,3.0,2.1,3.9,0.845,11.6,1839.0,0.526,10.3,2348338000.0,0.526,10.3,2348338000.0
Paraná,2019,0.85,0.5,1.2,5.4,5.0,5.8,0.807,7.4,1554.0,0.477,12.26,466377036.0,0.477,12.26,466377036.0
Santa Catarina,2019,0.65,0.4,0.9,6.85,6.5,7.2,0.826,5.5,1678.0,0.421,10.24,323263857.0,0.421,10.24,323263857.0
Rio Grande do Sul,2019,1.3,0.9,1.7,8.9,9.4,8.4,0.801,7.3,1757.0,0.482,11.05,482464177.0,0.482,11.05,482464177.0
Mato Grosso do Sul,2019,1.9,1.1,2.7,7.300000000000001,8.3,6.3,0.777,6.7,1443.0,0.483,16.27,106943246.0,0.483,16.27,106943246.0
Mato Grosso,2019,1.45,0.6,2.3,5.949999999999999,3.7,8.2,0.779,6.5,1326.0,0.454,15.25,142122028.0,0.454,15.25,142122028.0
Goiás,2019,0.95,0.6,1.3,3.15,3.3,3.0,0.774,10.6,1256.0,0.46,13.57,208672492.0,0.46,13.57,208672492.0
Distrito Federal,2019,1.3,0.8,1.8,8.15,5.3,11.0,0.859,12.6,2513.0,0.554,10.26,273613711.0,0.554,10.26,273613711.0
Rondônia,2020,2.3,2.1,2.5,1.75,1.2,2.3,0.739,11.1,1109.0,0.439,15.59,51598741.0,0.439,15.59,51598741.0
Acre,2020,1.7000000000000002,1.8,1.6,2.4,2.0,2.8,0.746,15.7,888.0,0.515,21.81,16476371.0,0.515,21.81,16476371.0
Amazonas,2020,0.75,0.8,0.7,0.5,0.5,0.5,0.727,15.7,828.0,0.533,20.75,116019139.0,0.533,20.75,116019139.0
Roraima,2020,0.6499999999999999,0.7,0.6,0.4,0.4,0.4,0.739,14.5,950.0,0.54,17.58,16024276.0,0.54,17.58,16024276.0
Pará,2020,1.65,1.7,1.6,0.55,0.6,0.5,0.719,10.9,863.0,0.48,20.98,215935604.0,0.48,20.98,215935604.0
Amapá,2020,1.5,1.4,1.6,2.95,2.3,3.6,0.724,15.9,856.0,0.5,19.31,18469115.0,0.5,19.31,18469115.0
Tocantins,2020,1.6,1.1,2.1,1.4,1.1,1.7,0.755,11.3,1019.0,0.485,18.18,43649803.0,0.485,18.18,43649803.0
Maranhão,2020,2.6,2.3,2.9,1.05,0.9,1.2,0.699,14.8,662.0,0.482,20.91,106915962.0,0.482,20.91,106915962.0
Piauí,2020,1.8,1.6,2.0,0.6,0.7,0.5,0.708,12.3,836.0,0.474,17.22,56391257.0,0.474,17.22,56391257.0
Ceará,2020,0.75,0.9,0.6,0.15,0.2,0.1,0.755,14.4,980.0,0.544,13.9,166914536.0,0.544,13.9,166914536.0
Rio Grande do Norte,2020,1.3,1.6,1.0,0.65,0.5,0.8,0.75,15.6,1045.0,0.512,14.17,71577107.0,0.512,14.17,71577107.0
Paraíba,2020,2.1,2.5,1.7,0.45,0.5,0.4,0.714,15.7,861.0,0.512,15.6,70292034.0,0.512,15.6,70292034.0
Pernambuco,2020,0.8500000000000001,1.3,0.4,0.35,0.4,0.3,0.739,19.4,882.0,0.536,16.09,193307317.0,0.536,16.09,193307317.0
Alagoas,2020,0.8500000000000001,1.1,0.6,0.3,0.3,0.3,0.694,20.7,768.0,0.51,20.21,63202349.0,0.51,20.21,63202349.0
Sergipe,2020,0.8,1.1,0.5,0.35,0.4,0.3,0.722,18.3,994.0,0.524,16.66,45409657.0,0.524,16.66,45409657.0
Bahia,2020,1.9,2.1,1.7,0.75,0.7,0.8,0.724,20.6,947.0,0.537,15.94,305320813.0,0.537,15.94,305320813.0
Minas Gerais,2020,2.5,1.9,3.1,0.4,0.4,0.4,0.789,12.5,1290.0,0.46,11.43,682786116.0,0.46,11.43,682786116.0
Espírito Santo,2020,0.55,0.5,0.6,0.2,0.2,0.2,0.792,13.5,1323.0,0.484,12.54,138445922.0,0.484,12.54,138445922.0
Rio de Janeiro,2020,0.8999999999999999,1.2,0.6,1.35,1.0,1.7,0.785,19.6,1664.0,0.548,13.03,753823711.0,0.548,13.03,753823711.0
São Paulo,2020,0.2,0.2,0.2,0.65,0.5,0.8,0.823,14.8,1787.0,0.522,9.7,2377638980.0,0.522,9.7,2377638980.0
Paraná,2020,0.8,0.5,1.1,1.9,1.6,2.2,0.787,10.1,1479.0,0.462,11.27,487930594.0,0.462,11.27,487930594.0
Santa Catarina,2020,0.3,0.2,0.4,3.7,2.4,5.0,0.803,5.4,1601.0,0.412,9.49,349275016.0,0.412,9.49,349275016.0
Rio Grande do Sul,2020,0.5,0.3,0.7,0.55,0.5,0.6,0.78,8.6,1714.0,0.476,10.37,470941846.0,0.476,10.37,470941846.0
Mato Grosso do Sul,2020,0.3,0.3,0.3,5.0,4.0,6.0,0.76,9.6,1424.0,0.47,15.21,122627726.0,0.47,15.21,122627726.0
Mato Grosso,2020,0.25,0.2,0.3,0.15,0.2,0.1,0.756,10.7,1345.0,0.462,14.5,178649564.0,0.462,14.5,178649564.0
Goiás,2020,0.7,0.7,0.7,1.25,1.2,1.3,0.758,12.8,1236.0,0.445,12.87,224126112.0,0.445,12.87,224126112.0
Distrito Federal,2020,0.2,0.2,0.2,3.8,2.6,5.0,0.829,14.5,2384.0,0.548,9.47,265847334.0,0.548,9.47,265847334.0
Rondônia,2021,1.55,1.1,2.0,2.2,1.9,2.5,0.7,6.8,1016.0,0.459,15.58,58170096.0,0.459,15.58,58170096.0
Acre,2021,2.9000000000000004,2.6,3.2,2.5,2.5,2.5,0.71,13.2,885.0,0.539,22.7,21374440.0,0.539,22.7,21374440.0
Amazonas,2021,3.0,2.5,3.5,1.35,1.5,1.2,0.7,13.1,812.0,0.541,20.61,131531038.0,0.541,20.61,131531038.0
Roraima,2021,2.25,1.5,3.0,3.05,2.4,3.7,0.699,9.2,1030.0,0.596,17.96,18202579.0,0.596,17.96,18202579.0
Pará,2021,3.9,3.1,4.7,3.75,3.8,3.7,0.69,10.9,830.0,0.529,21.24,262904979.0,0.529,21.24,262904979.0
Amapá,2021,2.8,2.1,3.5,8.2,8.1,8.3,0.688,17.4,846.0,0.53,19.81,20099851.0,0.53,19.81,20099851.0
Tocantins,2021,1.0,0.6,1.4,1.5,1.5,1.5,0.731,9.6,1058.0,0.514,17.62,51780764.0,0.514,17.62,51780764.0
Maranhão,2021,3.25,2.5,4.0,1.9,2.0,1.8,0.676,13.6,641.0,0.53,20.73,124980720.0,0.53,20.73,124980720.0
Piauí,2021,1.5499999999999998,1.4,1.7,1.05,1.2,0.9,0.69,11.9,851.0,0.516,17.23,64028303.0,0.516,17.23,64028303.0
Ceará,2021,0.3,0.3,0.3,0.2,0.2,0.2,0.734,11.1,902.0,0.549,14.0,194884802.0,0.549,14.0,194884802.0
Rio Grande do Norte,2021,4.45,3.7,5.2,5.35,6.1,4.6,0.728,12.8,1114.0,0.587,13.77,80180733.0,0.587,13.77,80180733.0
Paraíba,2021,1.9,1.8,2.0,1.25,1.4,1.1,0.698,13.0,875.0,0.562,15.86,77470331.0,0.562,15.86,77470331.0
Pernambuco,2021,0.6499999999999999,0.6,0.7,2.1500000000000004,2.2,2.1,0.719,17.2,841.0,0.579,16.31,220813522.0,0.579,16.31,220813522.0
Alagoas,2021,1.35,1.1,1.6,1.35,1.2,1.5,0.684,14.6,759.0,0.526,19.67,76265620.0,0.526,19.67,76265620.0
Sergipe,2021,1.65,1.4,1.9,0.8,0.9,0.7,0.702,14.7,925.0,0.568,15.8,51861397.0,0.568,15.8,51861397.0
Bahia,2021,3.8,3.3,4.3,3.45,3.7,3.2,0.691,17.3,848.0,0.546,15.55,352617852.0,0.546,15.55,352617852.0
Minas Gerais,2021,1.15,0.8,1.5,1.6,1.3,1.9,0.774,9.5,1312.0,0.487,10.92,857593214.0,0.487,10.92,857593214.0
Espírito Santo,2021,0.9,0.7,1.1,2.6,2.5,2.7,0.771,9.9,1285.0,0.509,12.18,186336505.0,0.509,12.18,186336505.0
Rio de Janeiro,2021,0.9,0.9,0.9,2.25,2.4,2.1,0.762,14.2,1690.0,0.565,12.21,949300770.0,0.565,12.21,949300770.0
São Paulo,2021,0.8999999999999999,0.6,1.2,0.8500000000000001,0.8,0.9,0.806,11.2,1823.0,0.533,9.27,2719751231.0,0.533,9.27,2719751231.0
Paraná,2021,0.4,0.2,0.6,1.8,2.1,1.5,0.769,7.0,1536.0,0.475,11.05,549973062.0,0.475,11.05,549973062.0
Santa Catarina,2021,0.8500000000000001,0.4,1.3,4.699999999999999,3.8,5.6,0.792,4.4,1692.0,0.424,9.03,428570889.0,0.424,9.03,428570889.0
Rio Grande do Sul,2021,2.15,1.5,2.8,1.6,1.8,1.4,0.771,8.1,1774.0,0.468,9.57,581283677.0,0.468,9.57,581283677.0
Mato Grosso do Sul,2021,0.5,0.4,0.6,6.0,5.7,6.3,0.742,6.5,1440.0,0.496,14.95,142203766.0,0.496,14.95,142203766.0
Mato Grosso,2021,0.75,0.4,1.1,2.55,1.0,4.1,0.736,5.9,1326.0,0.461,14.55,233390203.0,0.461,14.55,233390203.0
Goiás,2021,0.6499999999999999,0.6,0.7,1.5,1.7,1.3,0.737,8.8,1275.0,0.467,12.8,269627874.0,0.467,12.8,269627874.0
Distrito Federal,2021,0.1,0.1,0.1,5.25,3.9,6.6,0.814,12.1,2488.0,0.566,8.68,286943782.0,0.566,8.68,286943782.0
Rondônia,2022,1.75,1.1,2.4,3.45,3.9,3.0,0.7,3.1,1323.0,0.447,14.18,66795454.0,0.447,14.18,66795454.0
Acre,2022,3.8,2.7,4.9,4.15,4.5,3.8,0.71,9.8,1028.0,0.523,21.66,23676136.0,0.523,21.66,23676136.0
Amazonas,2022,3.35,2.4,4.3,4.4,4.4,4.4,0.7,10.1,947.0,0.509,19.67,145140465.0,0.509,19.67,145140465.0
Roraima,2022,3.9,1.9,5.9,5.25,4.3,6.2,0.699,4.6,1246.0,0.547,17.34,21095342.0,0.547,17.34,21095342.0
Pará,2022,4.45,3.1,5.8,9.15,10.2,8.1,0.69,8.2,1063.0,0.508,20.55,236141874.0,0.508,20.55,236141874.0
Amapá,2022,2.35,1.7,3.0,9.05,9.5,8.6,0.688,13.4,1163.0,0.531,19.53,23614291.0,0.531,19.53,23614291.0
Tocantins,2022,1.05,0.5,1.6,3.5,3.6,3.4,0.731,5.2,1358.0,0.507,16.79,58208795.0,0.507,16.79,58208795.0
Maranhão,2022,2.55,1.7,3.4,4.0,4.4,3.6,0.676,8.4,833.0,0.491,19.59,139789146.0,0.491,19.59,139789146.0
Piauí,2022,1.95,1.3,2.6,3.75,4.9,2.6,0.69,9.5,1092.0,0.518,15.29,72834504.0,0.518,15.29,72834504.0
Ceará,2022,0.4499999999999999,0.3,0.6,0.5,0.6,0.4,0.734,7.8,1037.0,0.518,13.11,213600674.0,0.518,13.11,213600674.0
Rio Grande do Norte,2022,2.8,2.0,3.6,10.05,11.1,9.0,0.728,10.0,1235.0,0.526,12.49,93819291.0,0.526,12.49,93819291.0
Paraíba,2022,3.4,2.2,4.6,5.6,5.6,5.6,0.698,10.3,1086.0,0.558,14.45,86094173.0,0.558,14.45,86094173.0
Pernambuco,2022,1.0,0.8,1.2,4.0,4.4,3.6,0.719,12.3,991.0,0.515,14.92,245828017.0,0.515,14.92,245828017.0
Alagoas,2022,2.5,1.6,3.4,4.95,4.7,5.2,0.684,9.4,922.0,0.498,17.46,76065806.0,0.498,17.46,76065806.0
Sergipe,2022,2.55,1.7,3.4,11.3,11.0,11.6,0.702,12.0,1150.0,0.528,14.76,57372241.0,0.528,14.76,57372241.0
Bahia,2022,4.0,2.9,5.1,8.75,8.9,8.6,0.691,13.5,1000.0,0.511,14.29,402646606.0,0.511,14.29,402646606.0
Minas Gerais,2022,1.5499999999999998,0.8,2.3,4.3,3.5,5.1,0.774,5.8,1505.0,0.466,10.0,906730670.0,0.466,10.0,906730670.0
Espírito Santo,2022,0.65,0.5,0.8,4.8,5.1,4.5,0.771,7.3,1663.0,0.493,11.0,182548590.0,0.493,11.0,182548590.0
Rio de Janeiro,2022,1.2000000000000002,0.8,1.6,6.95,7.0,6.9,0.762,11.4,1928.0,0.54,11.12,1153512155.0,0.54,11.12,1153512155.0
São Paulo,2022,0.8500000000000001,0.4,1.3,2.0,1.5,2.5,0.806,7.7,2073.0,0.5,8.36,3130333203.0,0.5,8.36,3130333203.0
Paraná,2022,0.8500000000000001,0.4,1.3,5.15,4.4,5.9,0.769,5.2,1802.0,0.47,10.02,614610848.0,0.47,10.02,614610848.0
Santa Catarina,2022,0.65,0.3,1.0,5.800000000000001,5.2,6.4,0.792,3.3,1958.0,0.419,8.59,466274103.0,0.419,8.59,466274103.0
Rio Grande do Sul,2022,1.85,1.0,2.7,5.5,5.9,5.1,0.771,4.6,2033.0,0.467,8.66,593633656.0,0.467,8.66,593633656.0
Mato Grosso do Sul,2022,1.15,0.7,1.6,7.35,8.2,6.5,0.742,3.3,1796.0,0.478,14.29,166407329.0,0.478,14.29,166407329.0
Mato Grosso,2022,1.05,0.5,1.6,2.65,1.3,4.0,0.736,3.6,1623.0,0.45,14.07,255527297.0,0.45,14.07,255527297.0
Goiás,2022,0.7,0.5,0.9,2.3,2.6,2.0,0.737,6.7,1588.0,0.456,11.65,318586149.0,0.456,11.65,318586149.0
Distrito Federal,2022,1.1,0.6,1.6,6.75,4.8,8.7,0.814,10.3,2802.0,0.536,7.91,328789563.0,0.536,7.91,328789563.0
