sigla_uf,localizacao,rede,taxa_promocao_ef,taxa_promocao_ef_5_ano,taxa_promocao_ef_6_ano,taxa_promocao_ef_7_ano,taxa_promocao_ef_8_ano,taxa_promocao_ef_9_ano,taxa_promocao_em,taxa_promocao_em_1_ano,taxa_promocao_em_2_ano,taxa_promocao_em_3_ano,taxa_repetencia_ef,taxa_repetencia_ef_5_ano,taxa_repetencia_ef_6_ano,taxa_repetencia_ef_7_ano,taxa_repetencia_ef_8_ano,taxa_repetencia_ef_9_ano,taxa_repetencia_em,taxa_repetencia_em_1_ano,taxa_repetencia_em_2_ano,taxa_repetencia_em_3_ano,taxa_evasao_ef,taxa_evasao_ef_5_ano,taxa_evasao_ef_6_ano,taxa_evasao_ef_7_ano,taxa_evasao_ef_8_ano,taxa_evasao_ef_9_ano,taxa_evasao_em,taxa_evasao_em_1_ano,taxa_evasao_em_2_ano,taxa_evasao_em_3_ano
AC,Total,Privada,96.7,97.8,97.3,97.7,97.1,98.1,97.7,97.4,96.5,99.6,1.6,0.5,1.2,1.8,1.1,0.1,0.5,0.7,0.4,0.2,1.7,1.7,1.5,0.5,1.8,1.8,1.7,1.8,3.1,0.2
AC,Total,Total,88.5,85.0,87.8,88.4,87.8,83.0,80.7,75.7,81.5,88.1,7.2,6.9,8.0,7.2,7.3,7.4,11.7,15.9,10.0,6.8,4.0,7.7,3.8,3.8,4.1,8.5,6.4,6.8,7.1,4.6
AC,Urbana,Total,91.8,90.7,90.1,91.4,90.3,88.7,80.8,75.6,81.8,88.0,5.2,4.2,7.0,5.7,6.3,5.0,12.4,16.9,11.1,6.4,2.6,4.6,2.6,2.2,2.7,5.4,5.6,5.8,5.7,5.0
AC,Total,Pública,88.1,84.4,87.4,88.0,87.4,82.3,80.0,74.9,80.9,87.5,7.4,7.3,8.3,7.4,7.5,7.8,12.2,16.5,10.4,7.2,4.1,8.0,3.9,3.9,4.2,8.8,6.6,7.0,7.3,4.8
AC,Rural,Total,82.0,74.4,82.4,82.5,82.5,70.9,80.6,76.1,80.3,88.3,11.0,12.1,10.5,10.1,9.5,12.8,9.0,11.7,6.2,8.6,6.6,13.4,6.7,7.0,7.1,15.0,9.5,11.3,12.3,2.7
AL,Total,Privada,89.7,90.9,90.2,92.9,94.7,92.8,92.9,90.4,91.0,98.7,5.1,4.3,5.7,3.2,2.1,2.9,1.8,2.9,1.5,0.5,5.1,4.8,4.0,3.8,3.0,4.1,5.1,6.3,7.1,0.8
AL,Urbana,Total,92.9,91.1,93.5,93.7,92.7,88.8,90.9,87.9,89.1,98.2,2.6,3.3,2.7,1.7,1.7,2.1,2.3,3.4,1.6,1.3,3.7,5.1,2.7,3.0,3.2,8.0,4.9,6.1,6.8,0.4
AL,Total,Pública,94.1,92.2,94.4,93.7,92.1,87.2,90.6,87.5,88.6,98.3,1.8,2.6,2.0,1.4,1.6,1.7,2.3,3.4,1.6,1.3,3.1,4.6,2.4,2.8,3.4,10.0,5.0,6.2,7.0,0.3
AL,Total,Total,93.3,92.0,93.7,93.6,92.5,88.1,90.9,87.9,89.0,98.3,2.4,2.9,2.5,1.6,1.7,1.9,2.2,3.3,1.6,1.2,3.5,4.6,2.7,2.9,3.3,9.0,5.0,6.2,7.1,0.4
AL,Rural,Total,94.7,94.2,94.9,93.3,92.0,84.7,90.6,87.8,86.7,99.8,1.7,1.9,1.7,1.3,1.6,0.9,0.7,1.2,0.5,0.2,2.9,3.3,2.4,2.8,3.7,13.6,7.0,7.9,11.7,0.0
AM,Total,Privada,94.3,95.6,95.5,97.1,97.0,94.3,94.7,94.4,91.7,99.0,2.9,1.9,2.4,1.5,1.3,3.5,1.4,2.2,1.2,0.5,2.8,2.5,2.1,1.4,1.6,2.1,3.8,3.4,6.9,0.5
AM,Urbana,Total,97.0,96.5,97.3,96.3,97.2,96.3,94.5,92.6,92.8,98.7,1.3,1.5,1.2,1.0,1.2,0.9,1.1,1.6,1.1,0.6,1.1,1.6,0.8,0.8,0.8,1.7,1.5,1.6,2.1,0.6
AM,Rural,Total,89.9,85.1,92.3,92.6,92.3,69.7,93.5,90.7,93.7,97.4,4.0,6.9,3.5,2.2,2.5,3.5,2.9,4.0,2.3,2.0,5.3,7.4,3.0,3.2,3.5,25.5,2.9,4.4,2.9,0.6
AM,Total,Pública,95.4,93.3,96.1,95.3,96.0,90.1,94.3,92.2,93.0,98.5,1.9,3.0,1.7,1.3,1.5,1.4,1.4,2.0,1.3,0.9,2.1,3.2,1.3,1.4,1.4,7.3,1.6,2.0,2.0,0.6
AM,Total,Total,95.3,93.4,96.1,95.4,96.0,90.4,94.3,92.3,92.9,98.5,2.0,2.9,1.7,1.3,1.5,1.5,1.4,2.0,1.3,0.8,2.1,3.1,1.3,1.4,1.4,7.0,1.7,2.1,2.2,0.6
AP,Total,Privada,94.2,95.5,95.4,96.5,96.9,96.6,95.0,93.5,94.5,97.6,2.9,2.3,2.3,1.8,1.6,1.1,2.1,3.1,1.3,1.7,2.9,2.2,2.3,1.7,1.5,2.1,2.7,3.0,4.0,0.5
AP,Rural,Total,85.1,75.5,83.6,85.5,90.3,84.6,87.5,88.7,87.5,85.3,11.0,16.7,13.1,9.1,5.1,3.8,7.8,6.3,6.8,11.7,3.1,6.9,1.9,2.5,2.7,11.1,3.9,3.6,5.1,2.9
AP,Total,Pública,90.8,84.2,88.8,88.9,91.4,87.6,82.0,77.0,82.5,89.5,5.7,6.9,8.1,7.0,5.5,5.0,11.5,14.4,12.0,5.9,2.7,8.0,2.0,1.8,1.5,6.3,3.9,3.5,4.1,4.4
AP,Total,Total,91.1,85.3,89.3,89.6,91.9,88.5,83.0,78.2,83.5,90.3,5.4,6.5,7.6,6.5,5.1,4.6,10.7,13.7,11.1,5.5,2.7,7.4,2.0,1.8,1.5,5.9,3.8,3.5,4.1,4.1
AP,Urbana,Total,92.7,88.1,90.7,90.5,92.2,89.2,82.3,76.5,82.9,91.0,4.0,3.5,6.3,6.0,5.1,4.8,11.2,14.9,11.8,4.6,2.6,7.6,2.0,1.6,1.3,5.0,3.8,3.4,3.9,4.2
BA,Total,Total,91.3,90.8,91.2,90.8,92.5,84.4,80.1,91.0,91.8,25.6,4.3,3.8,4.5,4.0,3.2,6.8,14.7,2.9,2.1,73.4,3.6,4.7,2.9,2.8,2.8,7.9,4.9,5.6,5.9,0.7
BA,Urbana,Total,91.1,90.6,91.2,90.9,92.8,85.8,80.3,91.3,92.0,25.6,4.4,3.6,4.6,4.0,3.0,6.5,14.7,3.0,2.1,73.4,3.7,5.1,2.9,2.7,2.6,6.7,4.6,5.2,5.7,0.7
BA,Rural,Total,92.0,91.2,91.2,90.3,91.2,79.0,77.3,87.1,89.4,25.5,4.1,4.1,4.3,4.2,3.9,7.9,14.3,2.4,1.4,73.3,3.1,3.6,2.9,3.2,3.4,12.2,7.9,9.8,8.9,0.8
BA,Total,Privada,87.6,89.2,90.3,91.8,93.6,91.5,93.2,91.3,91.2,98.1,5.9,4.6,4.6,3.7,2.9,4.1,2.3,3.8,1.6,1.3,6.5,6.2,5.0,4.4,3.4,4.4,4.4,4.8,7.1,0.6
BA,Total,Pública,92.1,91.1,91.3,90.6,92.3,83.2,78.6,91.0,91.9,10.7,4.0,3.6,4.5,4.1,3.3,7.3,16.1,2.9,2.1,88.2,2.9,4.3,2.6,2.6,2.7,8.5,4.9,5.6,5.8,0.7
CE,Urbana,Total,96.1,96.8,96.2,96.4,96.9,93.9,94.5,92.3,93.6,98.1,1.7,1.3,2.0,1.2,0.9,1.1,1.3,1.9,1.2,0.7,1.9,1.8,1.5,1.6,1.5,4.8,3.9,5.3,4.7,1.1
CE,Total,Total,96.4,97.2,96.6,96.6,97.0,93.2,94.5,92.3,93.6,98.1,1.5,1.2,1.8,1.1,0.8,1.0,1.3,1.9,1.1,0.7,1.9,1.6,1.4,1.5,1.6,5.6,3.9,5.3,4.7,1.1
CE,Rural,Total,97.6,98.8,98.0,97.6,97.2,90.5,94.8,92.7,94.4,98.0,0.6,0.4,0.9,0.7,0.6,0.4,1.2,1.6,0.9,1.0,1.7,0.8,1.0,1.3,1.9,8.9,3.8,5.6,4.3,1.0
CE,Total,Pública,97.5,98.2,97.2,97.1,97.2,92.8,94.3,92.1,93.5,98.1,0.7,0.5,1.3,0.7,0.6,0.8,1.3,1.8,1.2,0.7,1.6,1.2,1.2,1.4,1.6,6.2,4.0,5.6,4.8,1.2
CE,Total,Privada,92.3,93.4,93.6,94.5,96.0,95.4,96.1,94.7,94.9,99.1,4.6,3.5,3.9,3.0,2.0,1.9,1.3,2.3,1.1,0.5,3.1,3.1,2.5,2.4,1.8,2.6,2.2,2.7,3.3,0.3
DF,Rural,Total,93.2,91.0,97.4,89.1,98.2,89.0,81.5,76.9,80.2,90.8,5.6,7.7,1.6,9.4,0.4,7.7,13.4,17.5,13.2,7.0,1.0,1.3,0.8,0.8,0.8,2.6,2.5,2.5,3.5,1.0
DF,Urbana,Total,94.9,95.2,96.6,91.3,96.8,91.3,84.7,80.2,84.4,91.7,3.2,3.0,1.9,6.2,1.6,4.7,8.7,12.1,7.5,5.1,1.6,1.7,1.2,1.7,1.2,3.0,4.4,4.8,5.6,2.4
DF,Total,Total,94.8,95.0,96.6,91.2,96.9,91.2,84.6,80.1,84.3,91.7,3.3,3.2,1.9,6.3,1.5,4.8,8.8,12.3,7.7,5.1,1.6,1.7,1.2,1.6,1.2,3.0,4.4,4.8,5.6,2.4
DF,Total,Privada,96.3,97.1,96.3,96.8,97.1,96.7,95.9,95.2,93.5,99.6,1.2,0.7,1.7,1.0,0.8,0.8,0.8,1.3,0.9,0.1,2.5,2.2,2.0,2.2,2.1,2.3,2.7,3.2,4.4,0.2
DF,Total,Pública,94.3,94.2,96.8,89.5,96.8,89.4,81.3,75.9,81.6,89.2,4.1,4.1,2.0,8.0,1.8,6.1,11.2,15.3,9.7,6.7,1.3,1.5,0.9,1.4,0.8,3.2,4.8,5.2,5.9,3.0
ES,Rural,Total,95.3,95.4,95.4,94.5,94.1,86.2,89.0,87.2,89.4,91.7,1.6,2.1,1.8,1.5,1.1,0.8,6.0,7.0,4.3,6.5,2.7,2.4,2.3,2.7,3.6,12.2,3.8,4.5,4.9,1.3
ES,Urbana,Total,96.5,97.0,96.3,95.2,95.3,93.2,89.2,85.5,87.6,97.9,1.2,1.0,1.3,1.1,1.0,1.0,2.1,3.2,1.4,1.0,1.7,1.8,1.7,2.1,2.1,4.9,4.2,6.0,4.4,0.7
ES,Total,Total,96.4,96.8,96.2,95.1,95.2,92.6,89.2,85.6,87.7,97.6,1.2,1.1,1.3,1.2,1.0,1.0,2.2,3.3,1.5,1.2,1.8,1.8,1.8,2.1,2.2,5.5,4.2,5.9,4.4,0.8
ES,Total,Pública,96.2,96.6,95.9,94.7,94.7,91.8,88.2,84.6,86.8,97.3,1.2,1.2,1.3,1.2,1.1,1.0,2.3,3.4,1.5,1.4,2.0,2.0,1.9,2.3,2.5,6.1,4.5,6.4,4.6,0.8
ES,Total,Privada,97.7,98.2,98.3,98.4,98.6,98.0,96.3,95.3,95.1,99.0,1.5,0.8,1.1,0.8,0.7,0.5,1.5,2.5,1.2,0.4,0.8,1.0,0.6,0.7,0.6,1.4,1.8,1.9,3.1,0.3
GO,Total,Pública,94.2,94.6,93.5,93.5,92.6,89.8,87.7,83.9,85.7,95.9,2.5,2.3,2.7,2.6,2.3,2.4,3.1,4.3,2.5,1.9,3.1,3.0,3.6,3.4,4.3,7.1,7.8,10.3,9.7,1.7
GO,Rural,Total,93.3,94.0,92.3,91.8,91.2,87.6,81.8,76.3,84.0,88.8,3.3,3.4,3.8,3.6,3.4,1.9,10.9,14.7,8.1,7.7,3.2,2.5,3.8,4.3,5.0,9.2,6.7,8.5,7.0,3.1
GO,Urbana,Total,94.4,95.0,94.0,93.9,93.3,90.7,88.7,85.3,86.6,96.4,2.4,2.1,2.6,2.6,2.2,2.3,2.7,3.8,2.3,1.7,2.9,2.9,3.3,3.2,3.8,6.3,7.2,9.4,9.2,1.6
GO,Total,Privada,95.1,96.4,95.7,95.4,96.3,95.4,94.7,94.1,92.3,98.3,2.4,1.4,2.4,2.6,2.0,1.7,1.8,2.6,1.6,0.9,2.5,2.2,1.9,1.9,1.6,2.9,3.1,2.9,5.4,0.7
GO,Total,Total,94.4,95.0,93.9,93.8,93.2,90.6,88.6,85.1,86.6,96.2,2.5,2.1,2.7,2.6,2.3,2.3,2.9,4.1,2.4,1.8,2.9,2.9,3.3,3.2,3.9,6.4,7.2,9.4,9.2,1.6
MA,Rural,Total,89.5,89.2,91.1,90.3,89.8,68.6,83.8,82.3,82.3,87.2,4.8,6.0,4.8,4.6,4.1,5.9,5.1,5.4,3.8,6.1,4.6,4.4,3.3,3.8,4.7,18.5,10.0,10.5,12.6,6.3
MA,Total,Total,91.0,91.2,91.6,91.0,91.4,78.8,84.7,83.4,84.4,86.8,4.4,4.9,4.9,4.4,3.8,4.7,5.1,5.2,3.7,6.7,3.7,3.6,2.7,3.1,3.5,12.2,8.7,9.0,10.7,6.1
MA,Total,Pública,91.0,91.1,91.4,90.8,91.1,77.5,84.3,83.0,84.0,86.3,4.3,5.0,5.0,4.5,3.9,4.8,5.3,5.3,3.8,7.0,3.7,3.6,2.8,3.2,3.6,13.1,8.9,9.2,10.9,6.3
MA,Total,Privada,91.5,92.2,93.7,94.1,94.5,93.3,92.8,91.3,91.4,96.4,5.1,4.3,4.1,3.6,3.4,3.5,2.6,3.6,1.8,2.0,3.3,3.5,2.2,2.1,1.9,2.9,4.1,4.5,6.0,1.4
MA,Urbana,Total,91.9,92.4,91.9,91.4,92.3,84.0,84.9,83.6,84.7,86.7,4.2,4.2,5.0,4.4,3.7,4.1,5.2,5.2,3.7,6.8,3.1,3.1,2.4,2.7,2.8,9.0,8.5,8.7,10.3,6.1
MG,Total,Privada,97.4,97.7,97.8,97.6,97.8,96.7,96.8,95.8,96.0,99.0,1.5,1.1,1.5,1.5,1.4,1.9,1.1,2.1,0.8,0.4,1.1,1.2,0.7,0.9,0.8,1.4,1.8,1.9,2.7,0.5
MG,Rural,Total,96.0,96.0,95.6,95.6,95.5,89.2,89.4,85.3,90.3,93.7,1.8,1.9,2.1,1.9,1.7,1.8,4.2,6.7,2.7,2.7,2.1,2.1,2.2,2.3,2.6,8.6,5.6,6.7,6.3,3.4
MG,Urbana,Total,95.5,96.4,94.0,94.3,94.4,90.8,85.3,81.6,86.0,89.7,2.0,1.4,3.1,2.6,2.2,2.3,3.1,4.6,2.3,2.0,2.3,2.2,2.7,2.7,2.9,6.3,8.7,10.3,8.2,7.1
MG,Total,Total,95.6,96.3,94.1,94.3,94.5,90.7,85.4,81.7,86.1,89.8,2.0,1.4,3.1,2.6,2.2,2.3,3.1,4.7,2.3,2.1,2.3,2.3,2.7,2.7,2.9,6.5,8.6,10.2,8.2,7.0
MG,Total,Pública,95.3,96.1,93.6,93.9,94.1,89.9,84.2,80.2,85.0,88.7,2.0,1.5,3.3,2.7,2.3,2.4,3.4,4.9,2.4,2.3,2.4,2.4,2.9,2.9,3.2,7.1,9.4,11.0,8.8,7.7
MS,Total,Privada,96.5,97.9,98.1,98.5,93.4,95.9,95.9,96.3,92.9,99.2,2.5,1.4,1.3,0.9,5.8,2.1,2.0,2.1,3.2,0.4,1.0,0.7,0.6,0.6,0.8,2.0,2.0,1.5,3.8,0.4
MS,Rural,Total,91.5,93.2,90.6,89.8,90.5,85.7,85.7,82.3,86.7,90.3,4.6,3.8,5.0,5.1,4.3,4.6,8.1,10.0,7.0,6.0,3.7,2.9,4.2,4.4,4.8,9.1,5.8,7.2,5.9,3.3
MS,Total,Total,92.9,94.8,91.8,91.2,90.7,87.7,83.5,79.5,83.5,89.5,4.4,3.1,5.2,4.9,5.4,5.4,9.1,11.7,8.4,6.0,2.5,2.0,2.6,3.2,3.3,6.2,6.8,7.9,7.4,4.2
MS,Total,Pública,92.4,94.4,91.1,90.3,90.3,86.8,82.1,77.9,82.4,88.3,4.6,3.3,5.6,5.3,5.3,5.7,9.9,12.6,9.1,6.7,2.7,2.2,2.9,3.5,3.6,6.7,7.3,8.6,7.8,4.7
MS,Urbana,Total,93.0,95.0,92.0,91.3,90.7,87.9,83.3,79.3,83.3,89.4,4.3,3.0,5.2,4.9,5.5,5.4,9.2,11.8,8.5,6.0,2.4,1.9,2.5,3.1,3.1,5.9,6.9,8.0,7.5,4.3
MT,Total,Privada,95.8,95.5,96.2,96.7,97.0,96.4,95.4,93.9,93.8,99.4,2.6,3.0,2.5,2.1,1.6,2.0,2.1,3.2,2.1,0.4,1.6,1.5,1.3,1.2,1.2,1.5,2.4,2.7,3.9,0.1
MT,Total,Pública,96.4,96.6,96.6,96.4,95.1,93.4,87.9,86.7,89.5,88.1,1.2,1.3,1.2,1.1,0.9,1.1,4.4,3.0,1.4,10.7,2.1,2.1,2.1,2.1,2.6,5.2,6.2,8.3,7.2,1.0
MT,Total,Total,96.3,96.5,96.5,96.4,95.3,93.7,88.6,87.3,89.9,89.2,1.4,1.5,1.3,1.2,1.0,1.2,4.2,3.0,1.5,9.7,2.1,2.0,2.0,2.0,2.5,4.8,5.8,7.8,6.9,0.9
MT,Rural,Total,94.5,94.1,95.9,95.3,94.3,86.7,85.2,83.2,87.1,86.8,2.1,2.5,1.6,1.8,1.6,2.7,6.0,5.5,3.0,10.6,3.1,3.3,2.4,2.5,3.4,9.5,6.2,8.0,6.6,2.3
MT,Urbana,Total,96.6,96.8,96.6,96.6,95.5,94.7,88.9,87.8,90.2,89.5,1.3,1.3,1.3,1.1,0.9,0.9,4.0,2.8,1.3,9.6,1.9,1.9,1.9,1.9,2.4,4.1,5.8,7.8,6.9,0.7
PA,Total,Total,93.3,91.5,93.3,92.7,94.4,86.2,95.0,93.4,94.3,98.2,3.0,3.8,3.1,2.5,2.1,2.8,1.4,1.7,1.1,1.3,3.0,3.9,2.5,2.3,2.3,9.7,3.0,4.2,3.9,0.4
PA,Rural,Total,91.8,89.5,92.4,91.8,92.7,73.9,95.7,94.5,94.9,98.5,3.5,5.2,3.2,2.8,2.5,5.2,1.0,1.0,0.9,1.3,4.0,4.6,3.2,3.2,3.5,19.6,2.9,4.0,3.7,0.2
PA,Urbana,Total,94.0,92.6,93.8,93.1,95.1,91.1,95.0,93.3,94.3,98.2,2.7,3.1,3.1,2.4,2.0,1.9,1.5,1.8,1.2,1.4,2.4,3.5,2.1,1.9,1.7,5.8,3.1,4.2,3.9,0.4
PA,Total,Privada,91.0,91.8,91.7,93.8,94.8,93.4,94.3,93.1,92.0,98.2,5.2,4.6,5.0,3.5,2.7,3.2,2.2,2.9,2.3,1.1,3.7,3.6,3.3,2.5,2.3,3.3,3.3,3.6,5.3,0.6
PA,Total,Pública,93.5,91.5,93.5,92.6,94.3,85.5,95.1,93.5,94.6,98.2,2.8,3.8,3.0,2.4,2.1,2.8,1.4,1.6,1.0,1.4,2.9,4.0,2.4,2.3,2.2,10.4,3.0,4.2,3.7,0.4
PB,Total,Total,92.7,92.6,92.6,92.7,93.5,89.0,92.3,90.6,90.8,97.0,3.5,3.6,3.4,2.6,2.0,2.6,2.0,2.6,1.5,1.5,3.1,3.4,3.0,2.9,3.1,6.9,4.3,5.0,5.7,1.3
PB,Rural,Total,94.1,91.9,93.1,92.7,93.6,86.1,94.8,94.4,92.9,97.7,3.1,4.5,3.2,2.5,1.9,2.0,1.4,1.2,1.6,1.6,2.3,3.3,2.7,3.2,3.2,9.9,2.9,3.0,4.6,0.7
PB,Urbana,Total,92.4,92.8,92.5,92.8,93.5,89.3,92.2,90.4,90.7,97.0,3.5,3.3,3.4,2.6,2.0,2.7,2.0,2.6,1.5,1.5,3.3,3.5,3.0,2.9,3.1,6.5,4.3,5.1,5.7,1.4
PB,Total,Privada,88.3,89.9,91.2,93.1,92.3,90.0,89.6,86.8,85.5,98.3,6.7,5.6,4.7,3.1,2.9,3.2,1.7,2.8,1.3,0.6,5.0,4.5,4.1,3.8,4.7,6.6,8.6,10.3,12.9,1.0
PB,Total,Pública,93.9,93.3,92.9,92.7,93.7,88.7,92.8,91.1,91.8,96.8,2.6,3.0,3.2,2.5,1.8,2.5,2.0,2.5,1.5,1.7,2.6,3.2,2.7,2.7,2.7,6.9,3.6,4.2,4.3,1.4
PE,Rural,Total,95.5,94.8,96.1,94.9,94.8,85.5,88.1,86.7,86.2,92.7,1.3,1.3,0.8,0.9,0.6,1.2,3.9,4.6,1.9,5.5,2.7,3.4,2.3,2.5,3.1,12.6,6.6,7.2,9.7,1.5
PE,Urbana,Total,93.3,93.4,94.7,94.1,95.0,88.5,89.8,87.6,86.0,97.6,2.6,2.2,1.9,1.5,1.1,1.8,1.2,1.2,0.6,1.8,3.5,4.0,2.7,2.6,2.8,8.7,7.2,9.2,10.3,0.5
PE,Total,Total,93.7,93.7,94.9,94.3,95.0,88.1,89.7,87.6,86.0,97.3,2.4,2.0,1.7,1.4,1.0,1.7,1.4,1.5,0.7,2.0,3.4,3.9,2.6,2.6,2.8,9.2,7.2,9.0,10.2,0.6
PE,Total,Pública,95.2,94.7,95.6,94.4,95.0,87.0,89.1,86.9,85.3,97.1,1.0,1.0,0.9,0.9,0.5,1.3,1.3,1.3,0.5,2.2,3.1,3.7,2.5,2.6,3.0,10.6,7.6,9.6,10.8,0.6
PE,Total,Privada,89.0,90.6,91.9,93.6,94.6,92.9,94.8,93.8,92.2,98.9,6.7,5.1,5.1,3.7,3.2,3.6,1.9,2.7,2.2,0.6,4.3,4.3,3.0,2.6,2.1,3.3,3.2,3.3,5.4,0.5
PI,Rural,Total,93.1,92.7,92.1,91.0,92.6,83.3,85.8,82.5,86.5,90.1,2.9,3.5,3.1,3.3,2.2,2.6,5.7,6.5,4.8,5.4,3.0,2.7,2.9,3.2,3.7,12.2,7.6,9.5,8.1,4.1
PI,Total,Privada,93.1,93.8,94.5,94.7,95.3,92.3,93.8,92.5,92.0,97.4,3.8,3.3,3.1,2.6,2.5,3.8,3.3,4.7,3.0,2.0,2.9,2.9,2.4,2.2,1.8,3.5,2.6,2.5,4.6,0.5
PI,Total,Total,93.2,93.2,92.2,91.5,93.0,87.5,89.2,86.0,89.6,93.4,3.1,3.0,3.8,3.3,2.6,3.5,4.4,5.8,3.5,3.4,2.7,2.9,2.5,2.6,2.6,7.1,5.3,6.4,5.9,2.9
PI,Urbana,Total,93.2,93.4,92.3,91.7,93.1,88.7,89.4,86.2,89.8,93.6,3.2,2.9,4.0,3.4,2.7,3.7,4.3,5.8,3.4,3.3,2.6,2.9,2.4,2.5,2.2,5.7,5.1,6.2,5.8,2.8
PI,Total,Pública,93.2,93.1,91.9,91.1,92.6,86.8,88.7,85.3,89.3,92.9,3.0,3.0,3.9,3.4,2.6,3.4,4.5,5.9,3.5,3.6,2.6,2.9,2.5,2.7,2.7,7.6,5.6,6.8,6.1,3.2
PR,Total,Privada,97.6,96.5,98.1,98.2,98.3,97.6,97.9,97.4,97.0,99.6,1.3,1.7,1.0,0.9,0.7,0.8,0.5,0.9,0.4,0.2,1.1,1.8,0.9,0.9,1.0,1.6,1.5,1.5,2.6,0.2
PR,Urbana,Total,95.6,97.1,94.5,93.6,93.3,90.5,84.2,81.9,78.7,93.4,1.8,1.0,2.2,2.2,2.0,1.8,2.9,3.8,2.6,2.0,2.5,1.9,3.1,3.8,4.3,7.5,12.6,13.9,18.4,4.5
PR,Total,Pública,95.4,97.2,94.1,93.1,92.6,89.5,82.2,79.9,76.1,92.5,1.8,0.9,2.3,2.4,2.2,1.9,3.2,4.1,3.0,2.3,2.7,1.9,3.4,4.1,4.8,8.3,14.2,15.5,20.7,5.1
PR,Total,Total,95.7,97.1,94.7,93.8,93.4,90.6,84.4,82.2,79.1,93.6,1.7,1.0,2.1,2.2,2.0,1.8,2.8,3.7,2.6,2.0,2.5,1.9,3.0,3.7,4.3,7.4,12.4,13.7,18.1,4.4
PR,Rural,Total,97.3,97.7,97.5,96.5,96.0,93.3,90.5,88.4,87.8,96.4,1.1,0.9,0.8,0.8,0.7,0.8,1.8,2.1,1.6,1.5,1.6,1.4,1.6,2.5,3.0,5.8,7.7,9.3,10.5,2.1
RJ,Total,Privada,92.9,94.5,94.4,95.0,96.0,94.3,94.7,93.1,93.4,98.5,4.0,2.5,3.3,2.6,1.8,2.4,1.7,2.7,1.3,0.9,3.1,3.0,2.2,2.2,1.8,3.0,2.8,3.4,4.1,0.5
RJ,Urbana,Total,94.3,95.0,93.7,94.1,94.6,90.6,85.1,80.9,83.9,93.7,2.6,1.7,3.4,2.3,1.6,2.1,4.9,6.4,3.8,3.7,2.7,3.0,2.3,2.2,2.9,6.6,8.7,10.9,10.8,2.3
RJ,Rural,Total,94.9,94.2,93.6,94.0,93.8,87.6,86.0,82.5,84.3,93.4,2.5,2.5,3.7,2.9,2.8,2.3,5.3,6.5,4.4,4.6,2.2,3.0,2.1,2.0,2.6,9.1,7.6,9.4,10.1,1.7
RJ,Total,Pública,94.9,95.1,93.4,93.8,94.0,88.9,82.9,78.4,81.6,92.3,1.9,1.5,3.4,2.3,1.6,2.1,5.7,7.2,4.4,4.5,2.6,3.0,2.3,2.2,3.3,8.3,10.0,12.4,12.4,2.8
RJ,Total,Total,94.3,94.9,93.7,94.1,94.5,90.5,85.1,80.9,83.9,93.7,2.5,1.8,3.4,2.3,1.7,2.2,4.9,6.4,3.8,3.7,2.7,3.0,2.3,2.2,2.9,6.7,8.6,10.8,10.8,2.3
RN,Urbana,Total,93.8,91.8,93.9,93.8,95.7,90.7,93.7,92.6,94.2,94.9,3.1,3.6,2.9,2.4,1.7,2.5,3.1,3.6,1.6,4.2,2.4,4.1,1.8,1.7,1.4,5.9,2.0,2.2,2.9,0.7
RN,Total,Pública,94.7,91.8,94.1,93.9,95.9,89.1,93.9,92.9,94.9,94.4,2.3,3.2,2.6,2.0,1.4,2.2,3.2,3.4,1.7,4.8,2.1,4.2,1.7,1.5,1.3,7.7,1.8,2.0,2.2,0.7
RN,Rural,Total,94.3,91.1,93.6,94.0,95.4,83.3,94.1,92.4,95.6,94.9,2.7,4.3,2.8,1.7,1.5,2.4,3.1,3.1,1.9,4.6,2.5,3.8,2.5,1.8,1.9,13.4,1.6,2.1,2.0,0.5
RN,Total,Total,93.9,91.7,93.9,93.8,95.7,89.9,93.7,92.6,94.3,94.9,3.0,3.7,2.9,2.3,1.7,2.5,3.1,3.6,1.6,4.3,2.4,4.0,1.9,1.7,1.5,6.7,2.0,2.2,2.9,0.7
RN,Total,Privada,91.1,91.0,93.0,93.1,94.8,92.7,92.6,90.6,90.1,98.4,5.6,5.5,4.3,4.0,2.9,3.6,2.6,5.1,1.3,0.6,3.2,3.5,2.6,2.6,1.9,3.1,4.0,3.3,7.5,0.9
RO,Rural,Total,85.8,84.2,82.6,85.2,82.8,77.9,74.6,70.4,77.1,78.2,11.2,11.3,14.8,12.0,12.4,13.0,18.1,21.9,14.7,16.6,2.8,4.3,2.4,2.3,4.3,8.4,5.4,6.1,5.9,3.6
RO,Total,Pública,94.2,93.1,93.4,94.1,93.2,91.1,85.1,83.1,82.7,91.8,3.8,3.6,5.0,4.1,4.4,4.6,7.3,9.5,6.6,4.6,1.7,3.1,1.3,1.4,1.8,3.4,4.0,4.0,5.4,2.1
RO,Total,Total,94.5,93.6,93.7,94.4,93.6,91.6,85.6,83.7,83.5,92.1,3.6,3.4,4.7,3.9,4.1,4.3,7.0,9.1,6.3,4.4,1.7,2.9,1.3,1.3,1.7,3.2,3.9,3.9,5.3,2.1
RO,Urbana,Total,96.0,95.7,95.5,95.8,95.1,93.4,86.3,84.4,83.8,92.9,2.2,1.6,3.1,2.6,3.0,3.2,6.3,8.4,5.7,3.7,1.5,2.6,1.1,1.2,1.4,2.6,3.8,3.8,5.3,2.0
RO,Total,Privada,97.1,97.3,97.1,97.9,97.9,97.9,94.8,93.8,94.7,96.3,1.8,1.8,2.0,1.2,1.3,1.0,2.0,3.0,1.4,1.4,1.1,0.9,0.9,0.7,0.7,0.9,2.5,2.6,3.2,1.5
RR,Total,Privada,96.5,97.9,94.1,98.4,98.6,92.1,98.0,97.6,97.5,99.1,1.9,0.3,5.1,0.6,0.6,6.5,0.8,1.5,0.3,0.6,1.6,1.8,0.8,0.8,0.8,1.4,0.9,0.7,1.7,0.3
RR,Total,Total,92.5,88.1,92.7,92.8,93.3,88.5,89.3,86.7,87.7,96.2,3.1,2.7,4.6,3.9,3.9,3.0,4.4,5.5,4.2,2.8,4.1,9.1,2.4,2.9,2.4,6.9,4.0,5.1,5.0,0.5
RR,Urbana,Total,93.6,92.4,92.6,92.7,93.7,89.1,89.5,87.1,87.7,96.7,3.2,2.1,5.1,4.5,4.0,3.1,4.4,5.4,4.3,2.6,2.9,5.4,2.1,2.5,2.0,6.3,3.7,4.6,4.8,0.3
RR,Total,Pública,92.3,87.4,92.6,92.5,93.0,88.3,88.9,86.2,87.3,96.0,3.2,2.9,4.6,4.1,4.1,2.8,4.6,5.6,4.4,2.9,4.2,9.6,2.5,3.0,2.4,7.2,4.1,5.3,5.1,0.6
RR,Rural,Total,89.6,78.1,93.0,93.1,91.8,86.3,88.3,84.9,87.9,94.3,2.8,4.1,3.3,2.2,3.6,2.6,4.6,5.6,4.1,3.5,7.3,17.7,3.4,4.0,4.0,9.3,5.2,7.1,5.5,1.6
RS,Total,Total,96.9,98.1,96.6,96.0,96.1,89.6,84.3,80.6,83.6,91.7,0.9,0.7,1.2,1.0,0.8,1.3,3.4,3.9,2.9,3.2,2.0,1.1,1.7,2.1,2.4,8.7,11.1,14.1,12.0,4.7
RS,Urbana,Total,96.9,98.1,96.7,96.0,96.2,90.1,84.3,80.8,83.5,91.7,0.9,0.7,1.1,0.9,0.7,1.3,3.3,3.5,2.9,3.2,1.9,1.1,1.7,2.1,2.3,8.2,11.2,14.3,12.1,4.7
RS,Total,Privada,98.5,98.7,98.5,98.4,98.7,97.8,97.2,96.4,96.3,99.2,0.9,0.9,1.0,1.0,0.7,0.9,1.1,1.7,1.0,0.3,0.6,0.4,0.5,0.6,0.4,1.2,1.4,1.5,2.0,0.4
RS,Rural,Total,96.1,97.7,96.1,95.2,95.0,84.8,83.3,75.7,87.6,92.1,1.2,1.0,1.9,1.8,1.4,1.3,7.4,12.9,2.8,3.2,2.4,1.2,1.7,2.4,3.1,13.6,8.7,10.7,9.1,4.6
RS,Total,Pública,96.6,98.0,96.4,95.6,95.7,88.4,82.5,78.8,81.8,90.5,0.9,0.7,1.2,1.0,0.8,1.4,3.7,4.2,3.2,3.7,2.2,1.2,1.9,2.3,2.7,9.8,12.4,15.5,13.4,5.4
SC,Total,Privada,97.3,97.4,97.2,97.3,97.9,98.1,97.2,96.8,96.3,98.9,1.8,1.9,2.0,2.0,1.4,0.7,1.1,1.7,0.7,0.8,0.9,0.7,0.8,0.7,0.6,1.2,1.5,1.4,2.7,0.2
SC,Rural,Total,96.7,97.5,95.9,95.3,94.3,90.8,88.3,86.6,89.4,89.8,2.0,1.7,3.1,2.8,3.2,3.0,6.1,7.3,4.3,6.1,1.1,0.7,0.6,1.4,1.6,5.8,5.1,5.3,5.8,4.0
SC,Total,Total,96.0,97.0,95.2,94.4,94.4,91.2,84.4,81.7,86.4,86.3,2.6,2.3,3.5,3.5,3.4,4.4,8.0,10.4,5.9,6.7,1.1,0.7,0.9,1.1,1.4,3.9,6.8,7.0,6.8,6.7
SC,Urbana,Total,95.9,96.9,95.2,94.3,94.4,91.2,84.3,81.6,86.3,86.2,2.7,2.3,3.5,3.6,3.4,4.5,8.0,10.5,6.0,6.7,1.1,0.8,0.9,1.1,1.4,3.8,6.9,7.0,6.8,6.7
SC,Total,Pública,95.8,96.9,95.0,94.0,93.9,90.2,82.6,79.8,84.9,84.4,2.7,2.3,3.7,3.7,3.6,4.9,9.0,11.5,6.7,7.6,1.1,0.7,0.9,1.2,1.5,4.3,7.6,7.7,7.5,7.6
SE,Total,Total,94.3,93.7,93.7,93.8,94.9,90.4,91.5,89.3,93.7,92.2,2.1,2.2,2.2,1.7,1.3,1.1,1.9,1.2,0.6,4.4,2.7,3.3,2.8,2.5,2.4,6.5,4.8,5.3,5.4,3.4
SE,Urbana,Total,94.2,93.8,93.6,94.0,95.1,91.8,91.8,90.1,93.8,92.2,2.1,2.2,2.3,1.7,1.3,1.0,1.8,1.1,0.5,4.4,2.7,3.3,2.6,2.3,2.1,5.3,4.7,5.2,5.3,3.4
SE,Total,Privada,94.0,94.6,94.8,96.2,96.8,96.5,96.2,95.2,94.4,99.2,3.1,2.7,2.9,1.8,1.5,1.1,0.7,1.2,0.6,0.2,2.9,2.7,2.3,1.9,1.7,2.2,2.9,3.2,4.8,0.5
SE,Rural,Total,94.5,93.6,93.8,92.9,94.2,83.4,85.6,78.1,91.5,92.4,1.9,2.3,1.7,1.6,1.3,1.4,3.3,4.0,1.5,4.2,2.9,3.3,3.4,3.4,3.6,12.2,5.9,6.8,6.8,3.3
SE,Total,Pública,94.4,93.5,93.4,93.2,94.4,88.7,90.6,88.4,93.6,90.6,1.8,2.1,2.0,1.6,1.2,1.1,2.1,1.2,0.6,5.3,2.7,3.5,2.9,2.7,2.6,7.7,5.2,5.6,5.5,4.1
SP,Total,Privada,98.6,98.7,98.7,98.8,99.0,98.3,98.5,97.9,98.2,99.6,0.6,0.5,0.6,0.5,0.4,0.4,0.5,0.8,0.2,0.3,0.8,0.8,0.7,0.7,0.6,1.3,0.9,1.2,1.4,0.1
SP,Rural,Total,97.9,98.4,98.0,96.9,96.1,94.4,93.3,91.9,92.4,96.1,0.7,0.8,0.6,0.8,1.0,0.9,3.6,4.8,3.0,2.6,1.3,0.8,1.3,1.9,2.6,4.4,2.9,3.1,4.2,1.1
SP,Urbana,Total,98.4,98.7,98.2,98.2,98.1,97.3,95.4,94.4,94.6,97.8,0.8,0.7,1.0,0.9,0.8,0.9,1.7,2.4,1.3,1.4,0.7,0.6,0.7,0.7,0.8,1.6,2.2,2.6,3.1,0.7
SP,Total,Total,98.4,98.6,98.2,98.2,98.1,97.3,95.4,94.3,94.6,97.7,0.8,0.7,1.0,0.9,0.8,0.9,1.8,2.4,1.3,1.4,0.8,0.7,0.7,0.7,0.9,1.7,2.3,2.6,3.1,0.7
SP,Total,Pública,98.3,98.6,98.1,98.1,97.9,97.1,94.7,93.7,93.9,97.3,0.8,0.7,1.1,1.0,0.9,1.0,2.0,2.7,1.6,1.7,0.7,0.7,0.7,0.7,0.9,1.8,2.5,2.9,3.5,0.8
TO,Total,Privada,96.2,97.1,97.1,97.6,97.7,97.7,97.2,96.8,95.9,99.4,2.6,2.2,2.5,1.5,1.6,1.3,0.9,1.8,0.1,0.6,1.2,0.7,0.4,0.8,0.6,0.9,1.2,0.8,2.7,0.0
TO,Total,Total,94.1,95.0,93.5,92.7,92.4,89.7,88.4,84.2,88.5,95.0,2.9,2.4,3.5,3.2,3.1,2.8,3.8,5.8,2.9,2.0,2.7,2.6,2.8,3.5,3.9,6.4,6.0,8.0,6.2,2.6
TO,Total,Pública,93.9,94.8,93.2,92.4,92.0,89.0,87.9,83.5,88.0,94.7,2.9,2.4,3.6,3.4,3.2,3.0,4.0,6.0,3.1,2.0,2.9,2.7,2.9,3.8,4.1,6.9,6.3,8.3,6.4,2.7
TO,Urbana,Total,94.4,95.4,93.6,92.8,92.9,89.9,88.4,84.0,88.4,95.1,2.7,2.1,3.5,3.2,2.9,2.7,3.7,5.8,2.8,1.8,2.7,2.4,2.7,3.4,3.7,6.3,6.1,8.1,6.4,2.6
TO,Rural,Total,92.5,92.3,92.8,91.9,89.0,88.0,89.4,86.6,89.7,93.4,3.9,4.1,3.6,3.3,4.5,3.7,4.8,5.8,4.2,3.9,3.3,3.6,3.3,4.4,5.4,7.6,4.9,6.3,5.0,2.4
